code,size
150249C,220
150249C,225
150249C,230
150249C,235
150249C,240
150249C,245
150249C,250
150249C,255
150249C,260
150249C,265
150249C,270
150247C,Free Size
567723C,220
567723C,225
567723C,230
567723C,235
567723C,240
567723C,245
567723C,250
567723C,260
567723C,270
564143C,220
564143C,225
564143C,230
564143C,235
564143C,240
564143C,245
564143C,250
564143C,260
564143C,270
167677C,220
167677C,225
167677C,230
167677C,235
167677C,240
167677C,245
167677C,250
167678C,220
167678C,225
167678C,230
167678C,235
167678C,240
167678C,245
167678C,250
167596C,220
167596C,230
167596C,240
167596C,250
167596C,260
167596C,270
167596C,280
167592C,220
167592C,230
167592C,240
167592C,250
167592C,260
167592C,270
167592C,280
167593C,220
167593C,230
167593C,240
167593C,250
167593C,260
167593C,270
167593C,280
167645C,220
167645C,230
167645C,240
167645C,250
167645C,260
167645C,270
167645C,280
167642C,220
167642C,230
167642C,240
167642C,250
167642C,260
167642C,270
167642C,280
167830C,220
167830C,230
167830C,240
167830C,250
167830C,260
167830C,270
167830C,280
167827C,220
167827C,230
167827C,240
167827C,250
167827C,260
167827C,270
167827C,280
167827C,290
167826C,220
167826C,230
167826C,240
167826C,250
167826C,260
167826C,270
167826C,280
167826C,290
167702C,220
167702C,230
167702C,240
167702C,250
167702C,260
167702C,270
167702C,280
167702C,290
167910C,230
167910C,240
167910C,250
167910C,260
167910C,270
167910C,280
167911C,230
167911C,240
167911C,250
167911C,260
167911C,270
167911C,280
167915C,230
167915C,240
167915C,250
167915C,260
167915C,270
167915C,280
167912C,220
167912C,230
167912C,240
167912C,250
167912C,260
167912C,270
167912C,280
167912C,290
167708C,220
167708C,230
167708C,240
167708C,250
167708C,260
167708C,270
167708C,280
167708C,290
167709C,220
167709C,230
167709C,240
167709C,250
167709C,260
167709C,270
167709C,280
167709C,290
564981C,220
564981C,225
564981C,230
564981C,235
564981C,240
564981C,245
564981C,250
563456C,220
563456C,225
563456C,230
563456C,235
563456C,240
563456C,245
563456C,250
564982C,220
564982C,225
564982C,230
564982C,235
564982C,240
564982C,245
564982C,250
166324C,250
166324C,260
166324C,270
166324C,280
165907C,250
165907C,260
165907C,270
165907C,280
167297C,260
167297C,270
167297C,280
167297C,290
166804C,260
166804C,270
166804C,280
166804C,290
167854C,230
167854C,240
167854C,250
167854C,260
167854C,270
167854C,280
167854C,290
167853C,230
167853C,240
167853C,250
167853C,260
167853C,270
167853C,280
167853C,290
167866C,220
167866C,230
167866C,240
167866C,250
567686C,220
567686C,225
567686C,230
567686C,235
567686C,240
567686C,245
567686C,250
567685C,220
567685C,225
567685C,230
567685C,235
567685C,240
567685C,245
567685C,250
167673C,220
167673C,225
167673C,230
167673C,235
167673C,240
167673C,245
167673C,250
167673C,260
167673C,270
167673C,280
167669C,220
167669C,225
167669C,230
167669C,235
167669C,240
167669C,245
167669C,250
167669C,260
167669C,270
167669C,280
168293C,220
168293C,230
168293C,240
168293C,250
168293C,260
168293C,270
168293C,280
168279C,220
168279C,230
168279C,240
168279C,250
168279C,260
168279C,270
168279C,280
167622C,250
167622C,260
167622C,270
167622C,280
167621C,230
167621C,240
167621C,250
167621C,260
167621C,270
167621C,280
166709C,220
166709C,225
166709C,230
166709C,235
166709C,240
166709C,245
166709C,250
166709C,260
166709C,270
166708C,Free Size
167235C,220
167235C,225
167235C,230
167235C,235
167235C,240
167235C,245
167235C,250
167633C,220
167633C,225
167633C,230
167633C,235
167633C,240
167633C,245
167633C,250
167819C,230
167819C,240
167819C,250
167819C,260
167819C,270
167819C,280
167819C,290
167821C,230
167821C,240
167821C,250
167821C,260
167821C,270
167821C,280
167821C,290
167935C,250
167935C,260
167935C,270
167935C,280
167935C,290
167631C,220
167631C,225
167631C,230
167631C,235
167631C,240
167631C,245
167631C,250
167629C,220
167629C,230
167629C,240
167629C,250
167629C,260
167629C,270
167629C,280
167817C,260
167817C,270
167817C,280
167817C,290
167936C,260
167936C,270
167936C,280
167936C,290
167937C,260
167937C,270
167937C,280
167937C,290
168133C,250
168133C,260
168133C,270
168133C,280
168133C,290
167805C,230
167805C,240
167805C,250
167805C,260
167805C,270
167805C,280
167805C,290
167804C,230
167804C,240
167804C,250
167804C,260
167804C,270
167804C,280
167804C,290
167707C,220
167707C,230
167707C,240
167707C,250
167707C,260
167707C,270
167707C,280
167707C,290
167706C,220
167706C,230
167706C,240
167706C,250
167706C,260
167706C,270
167706C,280
167706C,290
537081C,Free Size
537084C,Free Size
167813C,220
167813C,225
167813C,230
167813C,235
167813C,240
167813C,245
167813C,250
167813C,255
167813C,260
167813C,265
167813C,270
167813C,275
167813C,280
167813C,285
167813C,290
567847C,Free Size
567865C,220
567865C,230
567865C,240
567865C,250
167810C,220
167810C,230
167810C,240
167810C,250
167810C,260
167810C,270
167810C,280
167811C,220
167811C,230
167811C,240
167811C,250
167811C,260
167811C,270
167811C,280
167811C,290
167812C,220
167812C,230
167812C,240
167812C,250
167812C,260
167812C,270
167812C,280
167812C,290
167862C,220
167862C,230
167862C,250
167862C,260
167862C,270
167862C,280
167862C,290
167701C,220
167701C,230
167701C,240
167701C,250
167701C,260
167701C,270
167701C,280
167701C,290
167703C,220
167703C,230
167703C,240
167703C,250
167703C,260
167703C,270
167703C,280
167703C,290
167700C,220
167700C,230
167700C,240
167700C,250
167700C,260
167700C,270
167700C,280
167700C,290
167239C,230
167239C,240
167239C,250
167239C,260
167239C,270
167239C,280
167239C,290
167238C,230
167238C,240
167238C,250
167238C,260
167238C,270
167238C,280
167238C,290
567855C,220
567855C,225
567855C,230
567855C,235
567855C,240
567855C,245
567855C,250
165024C,220
165024C,225
165024C,230
165024C,235
165024C,240
165024C,245
165024C,250
165024C,255
165024C,260
165024C,265
165024C,270
165024C,275
165024C,280
165024C,285
165024C,290
164301C,220
164301C,225
164301C,230
164301C,235
164301C,240
164301C,245
164301C,250
164301C,255
164301C,260
164301C,265
164301C,270
164301C,275
164301C,280
164300C,220
164300C,225
164300C,230
164300C,235
164300C,240
164300C,245
164300C,250
164300C,255
164300C,260
164300C,265
164300C,270
164300C,275
164300C,280
163407C,220
163407C,230
163407C,240
163407C,250
163407C,260
163407C,270
163407C,280
163407C,290
563457C,220
563457C,225
563457C,230
563457C,235
563457C,240
563457C,245
563457C,250
560251C,Free Size
167643C,220
167643C,230
167643C,260
167643C,270
167643C,280
167643C,290
167646C,Free Size
167647C,220
167647C,230
167647C,240
167647C,250
167647C,260
167647C,270
167647C,280
167647C,290
167644C,Free Size
167750C,Free Size
167749C,220
167749C,230
167749C,240
167749C,250
167749C,260
167749C,270
167749C,280
167749C,290
167324C,220
167324C,225
167324C,230
167324C,235
167324C,240
167324C,245
167324C,250
167324C,255
167324C,260
167324C,265
167324C,270
167324C,275
167324C,280
167324C,285
167324C,290
167324C,295
167324C,300
167966C,Free Size
167963C,220
167963C,230
167963C,240
167963C,250
167963C,260
167963C,270
167963C,280
167963C,290
164057C,220
164057C,225
164057C,230
164057C,235
164057C,240
164057C,245
164057C,250
164057C,255
164057C,260
164057C,265
164057C,270
164057C,275
164057C,280
164057C,285
164057C,290
164057C,300
164056C,220
164056C,225
164056C,230
164056C,235
164056C,240
164056C,245
164056C,250
164056C,255
164056C,260
164056C,265
164056C,270
164056C,275
164056C,280
164056C,285
164056C,290
164056C,300
162054C,220
162054C,225
162054C,230
162054C,235
162054C,240
162054C,245
162054C,250
162054C,255
162054C,260
162054C,265
162054C,270
162054C,275
162054C,280
162054C,285
162063C,220
162063C,225
162063C,230
162063C,235
162063C,240
162063C,245
162063C,250
162063C,255
162063C,260
162063C,265
162063C,270
162063C,275
162063C,280
162063C,285
162063C,290
566751C,220
566751C,225
566751C,230
566751C,235
566751C,240
566751C,245
566751C,250
567157C,220
567157C,225
567157C,230
567157C,235
567157C,240
567157C,245
567311C,220
567311C,225
567311C,230
567311C,235
567311C,240
567311C,245
567155C,220
567155C,225
567155C,230
567155C,235
567155C,240
567155C,245
567309C,220
567309C,225
567309C,230
567309C,235
567309C,240
567309C,245
166810C,220
166810C,230
166810C,240
166810C,250
166810C,260
166810C,270
166810C,280
166810C,290
167291C,250
167291C,260
167291C,270
167291C,280
167292C,250
167292C,260
167292C,270
167292C,280
162350C,220
162350C,230
162350C,240
162350C,250
162350C,260
162350C,270
162350C,280
162350C,290
162351C,220
162351C,230
162351C,240
162351C,250
162351C,270
162351C,280
162351C,290
163343C,220
163343C,230
163343C,240
163343C,250
163343C,260
163343C,270
163343C,280
163343C,290
167322C,220
167322C,230
167322C,240
167322C,250
167323C,220
167323C,230
167323C,240
167323C,250
567992C,220
567992C,225
567992C,230
567992C,235
567992C,240
567992C,245
567992C,250
567991C,Free Size
567101C,220
567101C,225
567101C,230
567101C,235
567101C,240
567101C,245
567101C,250
567100C,220
567100C,225
567100C,230
567100C,235
567100C,240
567100C,245
567100C,250
566766C,Free Size
166838C,220
166838C,230
166838C,240
166838C,250
166838C,260
166838C,270
166838C,280
166839C,220
166839C,230
166839C,240
166839C,250
166839C,260
166839C,270
166839C,280
166713C,Free Size
166712C,230
166712C,240
166712C,250
166712C,260
166712C,270
166712C,280
166712C,290
167058C,230
167058C,240
167058C,250
167058C,260
167058C,270
167058C,280
166809C,230
166809C,240
166809C,250
166809C,260
166809C,270
166809C,280
167071C,220
167071C,230
167071C,240
167071C,250
167071C,260
167071C,270
167071C,280
167071C,290
167061C,230
167061C,240
167061C,250
167061C,260
167061C,270
167061C,280
167072C,220
167072C,230
167072C,240
167072C,250
167072C,260
167072C,270
167072C,280
167072C,290
166861C,Free Size
167970C,220
167970C,230
167970C,240
167970C,250
167970C,260
167970C,270
167970C,280
167970C,290
167971C,220
167971C,230
167971C,240
167971C,250
167971C,260
167971C,270
167971C,280
167971C,290
167347C,220
167347C,225
167347C,230
167347C,235
167347C,240
167347C,245
167347C,250
567143C,Free Size
167345C,220
167345C,225
167345C,230
167345C,235
167345C,240
167345C,245
167345C,250
167346C,220
167346C,230
167346C,240
167346C,250
167346C,260
167346C,270
167346C,280
167067C,Free Size
167068C,220
167068C,230
167068C,240
167068C,250
167068C,260
167068C,270
167068C,280
167069C,220
167069C,230
167069C,240
167069C,250
167069C,260
167069C,270
167069C,280
166813C,230
166813C,240
166813C,250
166813C,260
166813C,270
166813C,280
166813C,290
166812C,230
166812C,240
166812C,250
166812C,260
166812C,270
166812C,280
166812C,290
167237C,220
167237C,230
167237C,240
167237C,250
167237C,260
167237C,270
167237C,280
167237C,290
166854C,220
166854C,230
166854C,240
166854C,250
166854C,260
166854C,270
166854C,280
166854C,290
166853C,220
166853C,230
166853C,240
166853C,250
166853C,260
166853C,270
166853C,280
166855C,220
166855C,230
166855C,240
166855C,250
166855C,260
166855C,270
166855C,280
166855C,290
166725C,220
166725C,230
166725C,240
166725C,250
166725C,260
166725C,270
166725C,280
166726C,220
166726C,230
166726C,240
166726C,250
166726C,260
166726C,270
166726C,280
167043C,220
167043C,230
167043C,240
167043C,250
167043C,260
167043C,270
167044C,220
167044C,230
167044C,240
167044C,250
167044C,260
167044C,270
166749C,250
166749C,260
166749C,270
166749C,280
166749C,290
166747C,220
166747C,230
166747C,240
166747C,250
166747C,260
166747C,270
166747C,280
166747C,290
567105C,Free Size
166745C,220
166745C,230
166745C,240
166745C,250
166745C,260
166745C,270
166745C,280
166745C,290
166744C,220
166744C,230
166744C,240
166744C,250
166744C,260
166744C,270
166744C,280
166744C,290
166740C,220
166740C,230
166740C,240
166740C,250
166740C,260
166740C,270
166740C,280
166741C,Free Size
166703C,220
166703C,230
166703C,240
166703C,250
166703C,260
166703C,270
166703C,280
166703C,290
166702C,220
166702C,230
166702C,240
166702C,250
166702C,260
166702C,270
166702C,280
166702C,290
167106C,220
167106C,230
167106C,240
167106C,250
167106C,260
167106C,270
167106C,280
167106C,290
M9166C,220
M9166C,225
M9166C,230
M9166C,235
M9166C,240
M9166C,245
M9166C,250
M9166C,255
M9166C,260
M9166C,265
M9166C,270
M9166C,275
M9166C,280
M9166C,285
M9166C,290
M9166C,295
M9166C,300
167326C,230
167326C,240
167326C,250
167326C,260
167326C,270
167326C,280
167967C,220
167967C,230
167967C,240
167967C,250
167967C,260
167967C,270
167967C,280
166851C,220
166851C,230
166851C,240
166851C,250
166851C,260
166851C,270
166851C,280
166851C,290
166849C,220
166849C,230
166849C,240
166849C,250
166849C,260
166849C,270
166849C,280
166849C,290
166850C,220
166850C,230
166850C,240
166850C,250
166850C,260
166850C,270
166850C,280
166850C,290
166825C,220
166825C,230
166825C,240
166825C,250
166825C,260
166825C,270
166825C,280
166824C,220
166824C,230
166824C,250
166824C,260
166824C,270
166824C,280
166824C,290
166827C,220
166827C,230
166827C,240
166827C,250
166827C,260
166827C,270
166827C,280
166826C,220
166826C,230
166826C,240
166826C,250
166826C,260
166826C,270
166826C,280
166826C,290
167329C,220
167329C,230
167329C,240
167329C,250
167329C,260
167329C,270
167329C,280
167327C,Free Size
167051C,250
167051C,260
167051C,270
167051C,280
166803C,250
166803C,260
166803C,270
166803C,280
M9696C,220
M9696C,225
M9696C,230
M9696C,235
M9696C,240
M9696C,245
M9696C,250
M9696C,255
M9696C,260
M9696C,265
M9696C,270
M9696C,275
M9696C,280
M9696C,285
165742C,220
165742C,225
165742C,230
165742C,235
165742C,240
165742C,245
165742C,250
165742C,255
165742C,260
165742C,265
165742C,270
165742C,275
165742C,280
165742C,285
165742C,290
165741C,220
165741C,225
165741C,230
165741C,235
165741C,240
165741C,245
165741C,250
165741C,255
165741C,265
165741C,270
165741C,275
165741C,280
165741C,285
165741C,290
165741C,295
165741C,300
565062C,220
565062C,225
565062C,230
565062C,235
565062C,240
565062C,245
565062C,250
164225C,220
164225C,225
164225C,230
164225C,235
164225C,240
164225C,245
164225C,250
164225C,255
164225C,260
164225C,265
164225C,270
164225C,275
164225C,280
164225C,285
164225C,290
164225C,300
164224C,220
164224C,225
164224C,230
164224C,235
164224C,240
164224C,245
164224C,250
164224C,255
164224C,260
164224C,265
164224C,270
164224C,275
164224C,280
164224C,285
164224C,290
164224C,300
164952C,220
164952C,225
164952C,230
164952C,235
164952C,240
164952C,245
164952C,250
164952C,255
164952C,260
164952C,265
164952C,270
164952C,275
164952C,280
164952C,285
164952C,290
164947C,220
164947C,225
164947C,230
164947C,235
164947C,240
164947C,245
164947C,250
164947C,255
164947C,260
164947C,265
164947C,270
164947C,275
164947C,280
164947C,285
164947C,290
164950C,220
164950C,225
164950C,230
164950C,235
164950C,240
164950C,245
164950C,250
164950C,255
164950C,260
164950C,265
164950C,270
164950C,275
164950C,280
164950C,285
164950C,290
164945C,220
164945C,225
164945C,230
164945C,235
164945C,240
164945C,245
164945C,250
164945C,255
164945C,260
164945C,265
164945C,270
164945C,275
164945C,280
164945C,285
164945C,290
164951C,220
164951C,225
164951C,230
164951C,235
164951C,240
164951C,245
164951C,250
164951C,255
164951C,260
164951C,265
164951C,270
164951C,275
164951C,280
164951C,285
164951C,290
164946C,220
164946C,225
164946C,230
164946C,235
164946C,240
164946C,245
164946C,250
164946C,255
164946C,260
164946C,265
164946C,270
164946C,275
164946C,280
164946C,285
164946C,290
164949C,225
164949C,230
164949C,235
164949C,240
164949C,245
164949C,250
164949C,255
164949C,260
164949C,265
164949C,270
164949C,275
164949C,280
164949C,285
164944C,220
164944C,225
164944C,230
164944C,235
164944C,240
164944C,245
164944C,250
164944C,255
164944C,260
164944C,265
164944C,270
164944C,275
164944C,280
164944C,285
164944C,290
161577C,220
161577C,225
161577C,230
161577C,235
161577C,240
161577C,245
161577C,250
161577C,255
161577C,260
161577C,265
161577C,270
161577C,275
161577C,280
161577C,285
161577C,290
158369C,220
158369C,225
158369C,230
158369C,235
158369C,240
158369C,245
158369C,250
158369C,255
158369C,265
158369C,275
158369C,280
158369C,285
158369C,290
162065C,220
162065C,225
162065C,230
162065C,235
162065C,240
162065C,245
162065C,250
162065C,255
162065C,260
162065C,265
162065C,270
162065C,275
162065C,280
162065C,285
162065C,290
162056C,220
162056C,225
162056C,230
162056C,235
162056C,240
162056C,245
162056C,250
162056C,255
162056C,260
162056C,265
162056C,270
162056C,275
162056C,280
162056C,285
162056C,290
162062C,220
162062C,225
162062C,230
162062C,235
162062C,240
162062C,245
162062C,250
162062C,255
162062C,260
162062C,265
162062C,270
162062C,275
162062C,280
162062C,285
162062C,290
162062C,300
162053C,220
162053C,225
162053C,230
162053C,235
162053C,240
162053C,245
162053C,250
162053C,255
162053C,260
162053C,265
162053C,270
162053C,275
162053C,280
162053C,285
162053C,290
162058C,220
162058C,225
162058C,230
162058C,235
162058C,240
162058C,245
162058C,250
162058C,255
162058C,260
162058C,265
162058C,270
162058C,275
162058C,280
162058C,285
162058C,290
162058C,295
162058C,300
162050C,Free Size
M5039C,220
M5039C,225
M5039C,235
M5039C,240
M5039C,250
M5039C,255
M5039C,260
M5039C,265
M5039C,270
M5039C,275
M5039C,280
M5039C,285
M5039C,290
M9697C,220
M9697C,225
M9697C,230
M9697C,235
M9697C,240
M9697C,245
M9697C,250
M9697C,255
M9697C,260
M9697C,265
M9697C,270
M9697C,275
M9697C,280
M9697C,285
M9697C,290
M7652C,220
M7652C,225
M7652C,230
M7652C,240
M7652C,245
M7652C,250
M7652C,255
M7652C,260
M7652C,265
M7652C,270
M7652C,275
M7652C,280
M7652C,285
M7652C,290
M3310C,220
M3310C,225
M3310C,230
M3310C,235
M3310C,240
M3310C,245
M3310C,250
M3310C,255
M3310C,260
M3310C,265
M3310C,270
M3310C,275
M3310C,280
M3310C,290
M9622C,220
M9622C,225
M9622C,230
M9622C,235
M9622C,240
M9622C,245
M9622C,250
M9622C,255
M9622C,260
M9622C,265
M9622C,270
M9622C,275
M9622C,280
M9622C,285
M9622C,290
M9621C,220
M9621C,225
M9621C,230
M9621C,235
M9621C,240
M9621C,245
M9621C,250
M9621C,255
M9621C,260
M9621C,265
M9621C,270
M9621C,275
M9621C,280
M9621C,285
M9621C,290
M7650C,220
M7650C,225
M7650C,230
M7650C,235
M7650C,245
M7650C,250
M7650C,255
M7650C,260
M7650C,265
M7650C,270
M7650C,275
M7650C,280
M7650C,285
M7650C,290
M9160C,220
M9160C,225
M9160C,230
M9160C,235
M9160C,240
M9160C,245
M9160C,250
M9160C,255
M9160C,260
M9160C,265
M9160C,270
M9160C,275
M9160C,280
M9160C,285
M9160C,290
M9160C,295
M9160C,300
10018853-A02,90
10018853-A02,95
10018853-A02,100
10018853-A02,105
10018853-A02,110
10020856-A01,90
10020856-A01,95
10020856-A01,100
10020856-A01,105
10020856-A01,110
10020856-A02,90
10020856-A02,95
10020856-A02,100
10020856-A02,105
10020856-A02,110
10020849-A01,90
10020849-A01,95
10020849-A01,100
10020849-A01,105
10020849-A01,110
10019604-A02,90
10019604-A02,95
10019604-A02,100
10019604-A02,105
10019604-A02,110
10019604-A03,95
10019604-A03,100
10019604-A03,105
10019604-A03,110
10019604-A01,90
10019604-A01,95
10019604-A01,100
10019604-A01,105
10019604-A01,110
10018841-A04,90
10018841-A04,95
10018841-A04,100
10018841-A04,105
10018841-A04,110
10018841-A03,90
10018841-A03,95
10018841-A03,100
10018841-A03,105
10018841-A03,110
10008476-A19,FREE
10018940-A01,80
10018940-A01,85
10018940-A01,90
10018940-A07,80
10018940-A07,85
10018940-A07,90
10017759-A04,80
10017759-A04,85
10017759-A04,90
10017759-A03,80
10017759-A03,85
10017759-A03,90
10019896-A03,95
10019896-A03,100
10019896-A03,105
10019896-A02,90
10019896-A02,95
10019896-A02,100
10019896-A02,105
10019896-A01,90
10019896-A01,95
10019896-A01,100
10019896-A01,105
10018568-A02,90
10018568-A02,95
10018568-A02,100
10018568-A02,105
10018568-A02,110
10018568-A01,90
10018568-A01,95
10018568-A01,100
10018568-A01,105
10018568-A01,110
10019895-A02,90
10019895-A02,95
10019895-A02,100
10019895-A02,105
10019895-A02,110
10019895-A01,90
10019895-A01,95
10019895-A01,100
10019895-A01,105
10019895-A01,110
10007887-A03,90
10007887-A03,95
10007887-A03,100
10007887-A03,105
10007887-A03,110
10020394-A01,Free Size
10020394-A02,Free Size
10018901-A01,FREE
10018896-A02,FREE
10018896-A01,FREE
10018969-A01,FREE
10018968-A01,FREE
10017263-A09,FREE
10018985-A01,FREE
10018468-A01,Free Size
10018446-A03,FREE
10018973-A01,FREE
10018972-A01,FREE
10018975-A01,FREE
10018446-A01,FREE
10017263-A01,FREE
10017262-A01,FREE
10017261-A01,FREE
10017015-A02,FREE
10008476-A02,FREE
10008476-A01,FREE
10017015-A05,FREE
10007887-A04,90
10007887-A04,95
10007887-A04,100
10007887-A04,105
10007887-A04,110
10007887-A01,95
10007887-A01,100
10007887-A01,105
10007887-A01,110
10008505-A01,FREE
10007784-A01,FREE
10008276-A01,FREE
10018334-A02,FREE
10018334-A01,FREE
10018446-A02,FREE
10000998-A22,FREE
10001016-A22,Free Size
10018448-A01,FREE
10018457-A02,FREE
10018451-A01,FREE
10017895-A03,Free Size
767576C,130
767576C,140
767576C,150
767576C,155
767576C,165
3J235C,Free Size
3J256C,170
3J256C,180
3J256C,190
3J256C,200
3J256C,210
3J236C,170
3J236C,180
3J236C,190
3J236C,200
3J236C,210
3J232C,170
3J232C,180
3J232C,190
3J232C,200
3J232C,210
3J253C,170
3J253C,180
3J253C,190
3J253C,200
3J253C,210
3J231C,170
3J231C,180
3J231C,190
3J231C,200
3J231C,210
767559C,130
767559C,140
767559C,150
767559C,155
767559C,165
767560C,130
767560C,140
767560C,150
767560C,155
767560C,165
667557C,170
667557C,180
667557C,190
667557C,200
667557C,210
667558C,170
667558C,180
667558C,190
667558C,200
667558C,210
767899C,130
767899C,140
767899C,150
767899C,155
767899C,165
767531C,130
767531C,140
767531C,150
767531C,155
767531C,165
768147C,130
768147C,140
768147C,150
768147C,155
768147C,165
768146C,130
768146C,140
768146C,150
768146C,155
768146C,165
368145C,170
368145C,180
368145C,190
368145C,200
368145C,210
368144C,170
368144C,180
368144C,190
368144C,200
368144C,210
663635C,170
663635C,180
663635C,190
663635C,200
663635C,210
767338C,130
767338C,140
767338C,150
767338C,155
767338C,165
766892C,130
766892C,140
766892C,150
766892C,155
766892C,165
766889C,130
766889C,140
766889C,150
766889C,155
766889C,165
767205C,130
767205C,140
767205C,150
767205C,155
767205C,165
767203C,130
767203C,140
767203C,150
767203C,155
767203C,165
866933C,105
866933C,110
866933C,115
866933C,120
865158C,105
865158C,110
865158C,115
865158C,120
865160C,105
865160C,110
865160C,115
865160C,120
865157C,105
865157C,110
865157C,115
865157C,120
865156C,105
865156C,110
865156C,115
865156C,120
763537C,125
763537C,130
763537C,140
763537C,150
763537C,155
763537C,165
763536C,125
763536C,130
763536C,140
763536C,150
763536C,155
763536C,165
663634C,170
663634C,180
663634C,190
663634C,200
663634C,210
